time_s,raw_emg
0.0,0.2962795575592486
0.0010005002501250625,0.46186289143676684
0.002001000500250125,0.6391984869421662
0.003001500750375187,1.4581267588465974
0.00400200100050025,0.48002889156193673
0.0050025012506253125,0.7494731952228941
0.006003001500750374,1.1991144484582033
0.007003501750875437,0.5403838440490187
0.0080040020010005,1.1431478182228973
0.009004502251125562,0.712018951913437
0.010005002501250625,0.5149219337210676
0.011005502751375688,-0.7860269898958245
0.012006003001500749,0.18794709409983168
0.013006503251625811,-0.9696427762918871
0.014007003501750874,-0.9692462581224414
0.015007503751875937,-1.5461893889763216
0.016008004002001,-1.642675115517738
0.01700850425212606,-1.0877833780029609
0.018009004502251125,-0.4169180838310875
0.019009504752376186,-0.06677213517893227
0.02001000500250125,0.4592601641301061
0.02101050525262631,1.1116236036658043
0.022011005502751375,1.3838714100110157
0.023011505752876436,0.17433576040156218
0.024012006003001497,0.7138831308748151
0.02501250625312656,1.1468690064899558
0.026013006503251623,1.6282665426993763
0.027013506753376687,0.8414932307684975
0.028014007003501748,1.184383587495378
0.029014507253626812,0.054272834174352524
0.030015007503751873,-0.262597507579755
0.031015507753876938,-0.9698125861958604
0.032016008004002,0.20639096342813168
0.03301650825412706,-1.5626281097569046
0.03401700850425212,-0.3415194507937176
0.03501750875437719,-1.1835674602647979
0.03601800900450225,-1.0536522569849993
0.03701850925462731,-1.0143121699542381
0.03801900950475237,-1.16820334518412
0.03901950975487744,0.41703688618781654
0.0400200100050025,0.16150978101924676
0.04102051025512756,0.27420117858454407
0.04202101050525262,-0.14983273371103067
0.04302151075537768,-0.35342586624638084
0.04402201100550275,0.743629453779566
0.04502251125562781,0.8317693530343884
0.04602301150575287,0.8370837586668837
0.047023511755877934,0.5242862958096752
0.048024012006002995,1.4966058083808158
0.04902451225612806,-0.07377565302203742
0.05002501250625312,0.0639824387094246
0.051025512756378184,-0.15187548667820644
0.052026013006503245,0.14811482823474853
0.05302651325662831,-1.4723892842957835
0.054027013506753374,-1.4333553276730837
0.055027513756878435,-0.6632066913369956
0.056028014007003496,-0.9298961595059362
0.05702851425712856,-0.9642114675365521
0.058029014507253625,-0.12869795173873866
0.059029514757378686,-0.41564925401351704
0.06003001500750375,-0.38095182655254706
0.06103051525762881,-0.46305638943474364
0.062031015507753876,-0.6326303830158744
0.06303151575787894,1.2363545400630092
0.064032016008004,0.7212577928245052
0.06503251625812906,0.2649676197028228
0.06603301650825412,0.2503024889900066
0.06703351675837918,1.3810667762234734
0.06803401700850424,0.9560046633362241
0.06903451725862932,0.2465556476128061
0.07003501750875438,-0.2688568964332844
0.07103551775887944,0.44073968677019054
0.0720360180090045,-0.15705398713922586
0.07303651825912956,-0.9429318997615851
0.07403701850925462,-1.5308833036399974
0.07503751875937968,-0.47241496601320987
0.07603801900950474,-0.724307605718384
0.0770385192596298,-1.0066314338805396
0.07803901950975488,0.3758449546704027
0.07903951975987994,0.868532981362386
0.080040020010005,0.08472206595747879
0.08104052026013006,-0.003948209577788686
0.08204102051025512,0.07679970355783194
0.08304152076038018,0.49509315849142194
0.08404202101050524,0.4745078271935666
0.0850425212606303,0.4004793526964001
0.08604302151075537,1.4089664534274338
0.08704352176088044,0.26289951319554516
0.0880440220110055,0.2756046416886806
0.08904452226113056,0.012106120126274489
0.09004502251125562,0.08977559215287596
0.09104552276138068,-1.187709014001002
0.09204602301150575,-0.10671012671157176
0.0930465232616308,-0.760244065882597
0.09404702351175587,-0.4385194806570947
0.09504752376188093,-1.4753181314863075
0.09604802401200599,-0.2375525628891616
0.09704852426213106,-0.2971988712250381
0.09804902451225612,-1.1185725556271215
0.09904952476238119,0.29215961119650324
0.10005002501250625,-0.12341458062385523
0.10105052526263131,-0.40107724552722607
0.10205102551275637,-0.04340506068008265
0.10305152576288143,0.6795225936469512
0.10405202601300649,0.9156480064867346
0.10505252626313155,0.9305021662221538
0.10605302651325663,1.2034079938375222
0.10705352676338169,0.27251707729563346
0.10805402701350675,0.8980030499072231
0.10905452726363181,-0.06774096611440666
0.11005502751375687,-0.9300082624006949
0.11105552776388193,-0.21078440360292922
0.11205602801400699,-0.27118425484792064
0.11305652826413205,-0.6821998053710887
0.11405702851425711,-1.369010867857292
0.11505752876438219,-1.1953809587703028
0.11605802901450725,-1.4635008553794795
0.11705852926463231,-1.1178965267722967
0.11805902951475737,-0.7034956839722778
0.11905952976488243,-0.13407781688601325
0.1200600300150075,0.5697022180441258
0.12106053026513255,-0.5305480748171078
0.12206103051525762,0.7571553185162285
0.12306153076538268,0.44481849173503607
0.12406203101550775,0.8255038767835816
0.1250625312656328,1.4010986103951888
0.12606303151575787,0.921579884460704
0.12706353176588292,0.11246049062905517
0.128064032016008,0.45224023907046984
0.12906453226613307,-0.42371853529881326
0.13006503251625812,-0.6463615565015008
0.1310655327663832,-0.2152319133394
0.13206603301650824,-0.5624327126149574
0.1330665332666333,-1.0016503912316357
0.13406703351675836,-0.8058986335851168
0.13506753376688344,-1.9751607112009508
0.13606803401700848,-1.4762726071606853
0.13706853426713356,-1.4117637435099568
0.13806903451725863,-0.3485108482072968
0.13906953476738368,0.04735809599323415
0.14007003501750875,-0.24429692212360868
0.1410705352676338,0.03201117779980073
0.14207103551775888,0.013731963296027105
0.14307153576788392,0.6204946786128652
0.144072036018009,0.9853631240870232
0.14507253626813404,1.2073267175453717
0.14607303651825912,1.2664559376594358
0.1470735367683842,0.19631821614532574
0.14807403701850924,0.024512296254636023
0.14907453726863432,0.512729990687936
0.15007503751875936,0.193393308680248
0.15107553776888444,-0.38356599591912666
0.15207603801900949,-1.5169241774468698
0.15307653826913456,-1.4695022118172263
0.1540770385192596,-2.230657557609999
0.15507753876938468,-1.972758828339459
0.15607803901950976,0.0044282907191181
0.1570785392696348,0.32129717059956653
0.15807903951975988,0.3968858343279902
0.15907953976988493,0.3155306424945179
0.16008004002001,-0.24097877437623186
0.16108054027013505,0.6567619139613496
0.16208104052026012,0.9745095924048003
0.16308154077038517,0.5446758918576877
0.16408204102051024,0.44869241501196533
0.16508254127063532,0.9935022033422859
0.16608304152076037,0.37409867281315345
0.16708354177088544,1.06905623885126
0.1680840420210105,1.0356218477322572
0.16908454227113556,0.15499165548639382
0.1700850425212606,0.6238349420887845
0.17108554277138568,-0.5800124148921639
0.17208604302151073,0.12380005766895563
0.1730865432716358,-0.5224827353312249
0.17408704352176088,-0.875410896823939
0.17508754377188593,-1.7464787479015653
0.176088044022011,-1.2893049354872508
0.17708854427213605,-0.9421978063016041
0.17808904452226113,-0.377053575027734
0.17908954477238617,0.015411790886875554
0.18009004502251125,-0.32270717410729016
0.1810905452726363,-0.4215091929624977
0.18209104552276137,0.8128635560419166
0.18309154577288644,0.6895523075567689
0.1840920460230115,1.2965047998105952
0.18509254627313657,1.1317455392889086
0.1860930465232616,1.0926107522739346
0.1870935467733867,0.6700859668238962
0.18809404702351173,0.7043312909022361
0.1890945472736368,0.06722525778032581
0.19009504752376186,-0.11933151840908901
0.19109554777388693,0.03715462767881422
0.19209604802401198,-1.046430465197167
0.19309654827413705,-0.39767397243936947
0.19409704852426213,-1.459270161589794
0.19509754877438718,-1.0838911964930655
0.19609804902451225,-0.7925100640896391
0.1970985492746373,-0.498930755510948
0.19809904952476237,-0.8187805774472716
0.19909954977488742,-0.10678010297298893
0.2001000500250125,0.4307657718081882
0.20110055027513754,0.21998154339453577
0.20210105052526262,0.3012266870500571
0.2031015507753877,1.031914705163051
0.20410205102551274,1.3051472078817994
0.2051025512756378,0.8165157085943704
0.20610305152576286,0.6687277714220569
0.20710355177588793,1.5055008402428065
0.20810405202601298,0.5128935296512133
0.20910455227613806,-0.5291433134774917
0.2101050525262631,0.006404216624943261
0.21110555277638818,-0.060178341799054125
0.21210605302651325,-0.07840415165985137
0.2131065532766383,0.00230288688624658
0.21410705352676337,-0.8057667868071203
0.21510755377688842,-0.6013480460826615
0.2161080540270135,-1.3457072074915146
0.21710855427713854,-0.7515181419906257
0.21810905452726362,-0.11836686094253823
0.21910955477738867,-0.22643029516896437
0.22011005502751374,0.5593784165561656
0.22111055527763882,0.16285762908920415
0.22211105552776386,0.8219790164196129
0.22311155577788894,0.5161931386430929
0.22411205602801398,1.630601453583481
0.22511255627813906,0.8788181635488883
0.2261130565282641,0.37532844308759505
0.22711355677838918,0.5333808475392552
0.22811405702851423,-0.4302433307698502
0.2291145572786393,0.8286865093480096
0.23011505752876438,-0.39308446783934237
0.23111555777888942,-0.6276282053414972
0.2321160580290145,-0.30065486503973604
0.23311655827913955,-0.40366819152376077
0.23411705852926462,-1.264523383279325
0.23511755877938967,-0.8915013063909122
0.23611805902951474,-2.150996329145609
0.2371185592796398,-0.5981778760223093
0.23811905952976486,-0.8798126015372286
0.23911955977988994,-0.17843044059797766
0.240120060030015,0.10432759632221644
0.24112056028014006,-0.019235357477482673
0.2421210605302651,0.4849711081525231
0.24312156078039018,0.09201110875457097
0.24412206103051523,1.0441083205101498
0.2451225612806403,0.5625084488932373
0.24612306153076535,1.1128783972868792
0.24712356178089043,0.6308696951625241
0.2481240620310155,1.3740928057663457
0.24912456228114055,0.5721063450553896
0.2501250625312656,-0.3714944462775055
0.2511255627813907,0.0535252888514392
0.25212606303151575,-0.2079640652798212
0.2531265632816408,-1.0747214065939927
0.25412706353176584,-1.430581567820571
0.25512756378189094,-1.2501103081884777
0.256128064032016,-1.510529982294957
0.25712856428214104,-0.8230487631000791
0.25812906453226614,-0.1985318071332557
0.2591295647823912,-1.0000427943013879
0.26013006503251623,-0.5711807965609179
0.2611305652826413,0.9577013107395742
0.2621310655327664,0.34775213889484685
0.26313156578289143,1.1631573500997987
0.2641320660330165,1.9471119271943231
0.2651325662831415,2.1627835213406437
0.2661330665332666,1.0117899773912324
0.2671335667833917,0.28817738857850084
0.2681340670335167,-0.12510239641501641
0.2691345672836418,0.13801741221954
0.27013506753376687,0.6322377433922521
0.2711355677838919,-0.28981664163983567
0.27213606803401696,-1.0668478039961367
0.27313656828414207,-0.6371747054827717
0.2741370685342671,-0.45053469237768984
0.27513756878439216,-1.118884293091538
0.27613806903451726,0.041026545714254015
0.2771385692846423,-0.9207702635134822
0.27813906953476736,-0.07371906304915815
0.2791395697848924,0.27173085206645087
0.2801400700350175,-0.20062280800053178
0.28114057028514255,0.19439724040092307
0.2821410705352676,0.45283830086180765
0.28314157078539265,0.3698781578851374
0.28414207103551775,0.7996312732347793
0.2851425712856428,0.5754347987667249
0.28614307153576785,0.9794646553862834
0.28714357178589295,0.4580797061887802
0.288144072036018,0.7427511012394419
0.28914457228614304,0.7479157318737846
0.2901450725362681,0.4728183903264617
0.2911455727863932,-0.36532514718310266
0.29214607303651824,-0.21346681316460137
0.2931465732866433,-0.38524903177415554
0.2941470735367684,-0.2581661600543165
0.29514757378689344,-1.6083358553942557
0.2961480740370185,-0.7489299231344685
0.29714857428714353,-0.7093238057895536
0.29814907453726863,-1.3574407220080513
0.2991495747873937,0.060008870654010116
0.3001500750375187,0.2929008235428095
0.3011505752876438,0.4083700872111554
0.3021510755377689,0.5004335126022983
0.3031515757878939,0.3581752998165319
0.30415207603801897,0.8388894467067236
0.3051525762881441,0.7539952377673989
0.3061530765382691,0.8602950817731546
0.30715357678839417,2.095274699675868
0.3081540770385192,-0.1028325748336506
0.3091545772886443,1.2893093641638589
0.31015507753876936,0.2788321663061431
0.3111555777888944,0.16543139400722556
0.3121560780390195,-0.2087354413550246
0.31315657828914456,-1.2721521450779045
0.3141570785392696,-1.3747382239599233
0.31515757878939465,-0.7409806941610495
0.31615807903951976,-0.17417786555278447
0.3171585792896448,-1.116620867149256
0.31815907953976985,-0.5290256730331936
0.3191595797898949,-0.027943134720463975
0.32016008004002,-0.2660281654453298
0.32116058029014505,0.10457793340979443
0.3221610805402701,0.5977292823447354
0.3231615807903952,0.5550272278110089
0.32416208104052024,0.7511669605070309
0.3251625812906453,0.7111711631863288
0.32616308154077034,1.400282078359818
0.32716358179089544,0.6883913912690879
0.3281640820410205,0.9745870526588593
0.32916458229114554,0.1405013493438182
0.33016508254127064,0.4185017099917164
0.3311655827913957,-0.10657185258947055
0.33216608304152073,-0.32913815189407997
0.3331665832916458,-1.3586331955995745
0.3341670835417709,-1.2570907140146028
0.33516758379189593,-0.543331557840541
0.336168084042021,-0.844428951380548
0.337168584292146,-0.7901352916446756
0.3381690845422711,-0.8377164049038388
0.3391695847923962,-0.5581116615290218
0.3401700850425212,0.5364387058117448
0.3411705852926463,-0.45628619582904745
0.34217108554277137,0.7663520109809185
0.3431715857928964,0.3252411284532767
0.34417208604302146,1.2516613662813203
0.34517258629314657,1.0709799755902414
0.3461730865432716,1.0342195093385913
0.34717358679339666,1.8088715538722444
0.34817408704352176,1.321363283877655
0.3491745872936468,0.3754309743687033
0.35017508754377186,0.2025237910056867
0.3511755877938969,0.2933130267134409
0.352176088044022,-0.5795159274178047
0.35317658829414705,-0.2276676549436455
0.3541770885442721,-1.8512011432432236
0.35517758879439715,-0.8471552311409847
0.35617808904452225,-1.119243261079664
0.3571785892946473,-0.40439017963519197
0.35817908954477234,-0.6808197493935062
0.35917958979489745,-0.5597094732285988
0.3601800900450225,0.3084296420170314
0.36118059029514754,-0.7438694275763879
0.3621810905452726,0.12263902079083566
0.3631815907953977,0.811104883672211
0.36418209104552274,0.3892885484060399
0.3651825912956478,0.566263140530568
0.3661830915457729,1.2312699583283189
0.36718359179589793,0.2594727599009544
0.368184092046023,-0.13626566557376574
0.36918459229614803,0.37677657725219255
0.37018509254627313,-0.02374534581960864
0.3711855927963982,-0.550689747949174
0.3721860930465232,-0.16874249928704987
0.3731865932966483,-0.8293891721799251
0.3741870935467734,-0.8240592985981322
0.3751875937968984,-0.23119443817230767
0.37618809404702347,-1.1464740921739436
0.37718859429714857,-0.942567836558657
0.3781890945472736,-0.5005647921875284
0.37918959479739867,0.06229590997701484
0.3801900950475237,0.30516132394841927
0.3811905952976488,-0.08463032173064694
0.38219109554777386,1.1211102743366335
0.3831915957978989,0.7877515769937734
0.38419209604802396,0.24571668909173405
0.38519259629814906,0.09825717004665102
0.3861930965482741,1.8213967580753827
0.38719359679839915,1.350539710459575
0.38819409704852426,1.2081140774790393
0.3891945972986493,-0.19419865466469477
0.39019509754877435,-0.8089282661201683
0.3911955977988994,-0.7431091815335356
0.3921960980490245,-1.743731296425248
0.39319659829914955,-0.13302347108975288
0.3941970985492746,0.18868888851960075
0.3951975987993997,-0.7712373569688319
0.39619809904952474,-1.2912368037526765
0.3971985992996498,-0.7381221004583143
0.39819909954977484,-0.6216980342896365
0.39919959979989994,-0.41977537158858047
0.400200100050025,0.11239633093297557
0.40120060030015003,1.0268412154351594
0.4022011005502751,-0.4115413665577481
0.4032016008004002,0.421011349453922
0.40420210105052523,0.2454476188218787
0.4052026013006503,1.1899825165639633
0.4062031015507754,0.516961636204061
0.4072036018009004,0.7551611656400485
0.4082041020510255,0.6246224344433646
0.4092046023011505,0.16609455089935404
0.4102051025512756,0.2687538520029101
0.41120560280140067,0.28775457208980015
0.4122061030515257,-0.3706341018212507
0.4132066033016508,-0.9387754477031496
0.41420710355177587,-0.8531386123791447
0.4152076038019009,-0.5934942971432493
0.41620810405202596,-1.3935640778573477
0.41720860430215106,-0.4953139155342993
0.4182091045522761,0.09374240881689866
0.41920960480240116,-0.3083842095601468
0.4202101050525262,1.29451835003122
0.4212106053026513,1.1972974716630183
0.42221110555277636,1.1352851286633492
0.4232116058029014,-0.30055340692252264
0.4242121060530265,0.8730807584921267
0.42521260630315155,1.033828542617917
0.4262131065532766,1.458796476903291
0.42721360680340165,0.5311691883098225
0.42821410705352675,-0.33302176789991755
0.4292146073036518,0.44514252005120464
0.43021510755377684,-0.12112176899065114
0.43121560780390195,-0.6889683009489423
0.432216108054027,0.4779352168808828
0.43321660830415204,-1.874782641686192
0.4342171085542771,-0.7372490909515449
0.4352176088044022,-1.8491924859892044
0.43621810905452724,-0.5378857052802091
0.4372186093046523,-0.6275514028548957
0.43821910955477733,-0.6308149084977273
0.43921960980490243,-1.345138872750509
0.4402201100550275,-0.011733234064747286
0.4412206103051525,0.14125850118754413
0.44222111055527763,1.0544450758302768
0.4432216108054027,1.107925790905831
0.4442221110555277,0.8370106333035117
0.44522261130565277,1.45715314989553
0.4462231115557779,0.6149486633286215
0.4472236118059029,0.5897890876141019
0.44822411205602797,-0.0405219076033817
0.44922461230615307,-0.4696338087488967
0.4502251125562781,-0.029154859647027943
0.45122561280640316,-0.34421921251541304
0.4522261130565282,0.14615801952832563
0.4532266133066533,-1.0940345753754954
0.45422711355677836,-1.2546351059284087
0.4552276138069034,-1.0419142045354812
0.45622811405702846,-1.0112118119517863
0.45722861430715356,-0.6120305189790349
0.4582291145572786,-0.07389995403978533
0.45922961480740365,-0.001357330688420727
0.46023011505752875,-0.041631225433214125
0.4612306153076538,1.42250518813589
0.46223111555777885,1.680269764993819
0.4632316158079039,1.0480430183688008
0.464232116058029,1.7332385498338605
0.46523261630815405,0.40622672614006305
0.4662331165582791,0.3356681508532594
0.4672336168084042,0.40466061062993575
0.46823411705852924,-0.0067529411387985405
0.4692346173086543,0.5952188971917769
0.47023511755877934,-0.8411173221912234
0.47123561780890444,-0.15874274298516097
0.4722361180590295,0.13119697362647653
0.47323661830915453,-0.07685445057158014
0.4742371185592796,-1.151279367392195
0.4752376188094047,-1.2052429210576718
0.47623811905952973,-0.627096948925846
0.4772386193096548,-2.0980434591730153
0.4782391195597799,-0.7175011720637712
0.4792396198099049,-0.43316378453097937
0.48024012006003,-0.10785675377892928
0.481240620310155,-0.15000618496615337
0.4822411205602801,0.6774051844101258
0.48324162081040517,1.334080899036337
0.4842421210605302,0.8610835215782674
0.4852426213106553,0.3536212151183161
0.48624312156078037,1.157954193802093
0.4872436218109054,0.645776248880805
0.48824412206103046,0.69962119484076
0.48924462231115556,-0.023292187389689384
0.4902451225612806,-0.30411893069305407
0.49124562281140566,-1.0649262728603959
0.4922461230615307,-0.4748680852111337
0.4932466233116558,-0.6233983116781567
0.49424712356178085,-1.6309110330650793
0.4952476238119059,-0.6910624294501991
0.496248124062031,-0.4853271485131171
0.49724862431215605,-1.2136724351672767
0.4982491245622811,0.3808750492076438
0.49924962481240615,0.0610095249177556
0.5002501250625312,-0.07788450535180187
0.5012506253126563,0.23518234882431374
0.5022511255627814,0.14059455932094922
0.5032516258129064,1.255674359686026
0.5042521260630315,1.0371647099985257
0.5052526263131566,0.6963586679436993
0.5062531265632816,1.0742005410623912
0.5072536268134067,1.6800259891694997
0.5082541270635317,0.7689634338355047
0.5092546273136568,0.3702996960259616
0.5102551275637819,-0.40993103213196785
0.5112556278139069,-0.353790294939394
0.512256128064032,-1.5784251610132856
0.5132566283141571,-0.6091912383235004
0.5142571285642821,-1.3002680029973288
0.5152576288144072,-1.5154329255762633
0.5162581290645323,-0.271332072120285
0.5172586293146573,-1.3209031225594752
0.5182591295647824,0.19799140182728248
0.5192596298149074,0.18124731384340484
0.5202601300650325,0.3042880360014506
0.5212606303151576,0.1498431397697361
0.5222611305652826,1.1395784430344942
0.5232616308154077,0.9089914756206445
0.5242621310655328,0.5020279294465859
0.5252626313156578,0.5196853518415409
0.5262631315657829,0.5908647380880807
0.527263631815908,0.8917173045303399
0.528264132066033,-0.013410968650216626
0.5292646323161581,0.42285706652400445
0.530265132566283,-0.47268533167734766
0.5312656328164082,0.05850483609151935
0.5322661330665333,-0.5331992652272861
0.5332666333166582,-0.30629388698474713
0.5342671335667833,-0.7384213092044087
0.5352676338169085,-1.0673725895766497
0.5362681340670334,-0.7285402557037117
0.5372686343171585,-0.5166046949547887
0.5382691345672836,-1.2184271174963226
0.5392696348174086,-0.7441074692023701
0.5402701350675337,-0.5846676994237268
0.5412706353176588,-0.1277018580379291
0.5422711355677838,0.3590841634727488
0.5432716358179089,1.2417445617740137
0.5442721360680339,1.8163497221153948
0.545272636318159,1.7804875729327048
0.5462731365682841,0.49289173592598984
0.5472736368184091,0.169319843724981
0.5482741370685342,0.1739055599367711
0.5492746373186593,0.133706009429633
0.5502751375687843,-0.844975865091447
0.5512756378189094,-0.6802475219743083
0.5522761380690345,-0.8699111592259383
0.5532766383191595,-0.8820285739888288
0.5542771385692846,-0.9639826730081769
0.5552776388194096,-1.0933485397229645
0.5562781390695347,-0.6128480877489404
0.5572786393196598,-0.8543509489775998
0.5582791395697848,-1.1045957580279226
0.5592796398199099,-0.46804432318534045
0.560280140070035,0.18118362986422848
0.56128064032016,-0.3043026740434944
0.5622811405702851,0.48854994534150414
0.5632816408204102,0.7676222178358324
0.5642821410705352,1.0718912496374486
0.5652826413206603,0.9786836097966384
0.5662831415707853,0.5066425252043854
0.5672836418209104,0.9708490865056958
0.5682841420710355,1.3365105900186847
0.5692846423211605,0.5819962796589475
0.5702851425712856,0.8257128281555798
0.5712856428214107,0.23932836933831575
0.5722861430715357,-0.7422344925428437
0.5732866433216608,-1.0242111459860508
0.5742871435717859,-1.233357066467073
0.5752876438219109,-1.4174786128925845
0.576288144072036,-0.39513640288393936
0.5772886443221611,-1.2529366463224583
0.5782891445722861,-1.1773249852982206
0.5792896448224112,-0.9613521862861236
0.5802901450725362,-0.30672790565798985
0.5812906453226613,0.03069340597943948
0.5822911455727864,0.6385824389607425
0.5832916458229114,0.3673771218513731
0.5842921460730365,1.2331859030224694
0.5852926463231616,1.19904694366498
0.5862931465732866,1.294120154994937
0.5872936468234117,-0.19346687234414317
0.5882941470735368,0.3143373079857674
0.5892946473236618,0.8731332011464641
0.5902951475737869,-0.5896854650085506
0.5912956478239119,-0.0015360672452276458
0.592296148074037,-1.8364827123410916
0.5932966483241621,-0.9975620283501283
0.5942971485742871,-0.4933190050291415
0.5952976488244122,-0.45016496753858415
0.5962981490745373,-1.6941690786107757
0.5972986493246623,-0.5642698239033307
0.5982991495747874,-0.8383319636332942
0.5992996498249125,0.04734060393604256
0.6003001500750375,-0.04934821685573827
0.6013006503251626,1.0167741486106523
0.6023011505752875,0.6168690877009829
0.6033016508254126,0.6324829632451741
0.6043021510755378,1.0851748803422052
0.6053026513256627,2.095679079002978
0.6063031515757878,1.1108799931837783
0.607303651825913,1.1361856086174207
0.6083041520760379,0.884706050994696
0.609304652326163,-0.24744397879527572
0.6103051525762881,0.9029761624245635
0.6113056528264131,-1.0945600041359467
0.6123061530765382,-0.5848968924839342
0.6133066533266633,-0.8061185460471669
0.6143071535767883,-0.2630404729803667
0.6153076538269134,-1.3041905524909845
0.6163081540770384,-0.215758872119873
0.6173086543271635,-0.5584227734825489
0.6183091545772886,-0.5798954812599975
0.6193096548274136,0.11923253920074103
0.6203101550775387,-0.2786744515631666
0.6213106553276638,0.5184630077383947
0.6223111555777888,0.45437688654705966
0.6233116558279139,1.1186349212283075
0.624312156078039,1.0239854206807137
0.625312656328164,0.8006545658451335
0.6263131565782891,0.8030155055718823
0.6273136568284141,0.22936943890303252
0.6283141570785392,1.0232121059525232
0.6293146573286643,-0.5259656892584291
0.6303151575787893,0.3417357463370487
0.6313156578289144,-0.48288775080607393
0.6323161580790395,-0.3821281342375287
0.6333166583291645,-1.099334931008804
0.6343171585792896,-1.3056460123439635
0.6353176588294147,-1.353755620732397
0.6363181590795397,-0.5073263095162608
0.6373186593296648,-1.436153561598862
0.6383191595797898,-0.22211818428174956
0.6393196598299149,-0.6324179388643162
0.64032016008004,0.31612527050821326
0.641320660330165,0.34408289816712084
0.6423211605802901,0.19245147663699685
0.6433216608304152,1.1093164602028889
0.6443221610805402,0.8993706393218404
0.6453226613306653,0.9268893439505862
0.6463231615807904,1.3963012384277786
0.6473236618309154,0.962185803261179
0.6483241620810405,-0.22625520724285353
0.6493246623311655,0.12628599630626927
0.6503251625812906,0.13503198258236743
0.6513256628314157,-0.7205689039446894
0.6523261630815407,-0.5513584557135336
0.6533266633316658,-0.87995384606365
0.6543271635817909,-1.1624728790021948
0.6553276638319159,-1.163096336832055
0.656328164082041,-0.41984076727595154
0.6573286643321661,-1.237913444766642
0.6583291645822911,-0.0990613299012521
0.6593296648324162,-0.7818100835490334
0.6603301650825413,0.12501838090722367
0.6613306653326663,0.6535799185444683
0.6623311655827914,0.4837466454595748
0.6633316658329164,2.0694621673221207
0.6643321660830415,0.11469021919022748
0.6653326663331666,0.8713132315152065
0.6663331665832916,1.5960284630434216
0.6673336668334167,0.4442225151633784
0.6683341670835418,1.018339732449187
0.6693346673336668,-0.5146298676052392
0.6703351675837919,0.11949527716621677
0.671335667833917,-0.34351818497453107
0.672336168084042,-0.401570901897323
0.673336668334167,-2.1465955295697636
0.674337168584292,-1.1115429074671985
0.6753376688344171,-1.8108858808009467
0.6763381690845423,-0.809868422620422
0.6773386693346672,0.6846186363478202
0.6783391695847923,0.22007569388656273
0.6793396698349174,0.843031241150485
0.6803401700850424,-0.08701121199116349
0.6813406703351675,0.26167959910640837
0.6823411705852926,1.6723641545193595
0.6833416708354176,1.0388625550931614
0.6843421710855427,0.9812150716394137
0.6853426713356677,1.1381909925313494
0.6863431715857928,0.9885583195454146
0.6873436718359179,-0.07664525945372735
0.6883441720860429,0.6644903196563507
0.689344672336168,1.1899988976384432
0.6903451725862931,-0.34613280980160616
0.6913456728364181,-0.2989018664880993
0.6923461730865432,-0.3818788320323689
0.6933466733366683,-1.2619200665230856
0.6943471735867933,-0.1762655700211262
0.6953476738369184,-0.10102327944729095
0.6963481740870435,-1.5731478984808263
0.6973486743371685,-0.21816494520045948
0.6983491745872936,-0.8762714530870392
0.6993496748374186,-0.44822774004032795
0.7003501750875437,0.1636964045625509
0.7013506753376688,0.02423200368110423
0.7023511755877938,1.3046720177432767
0.7033516758379189,0.5572932864569531
0.704352176088044,0.6122768154224387
0.705352676338169,1.3241214120579472
0.7063531765882941,0.046723648049332045
0.7073536768384192,1.1542959621184945
0.7083541770885442,0.02030255839767353
0.7093546773386693,0.1940922796014422
0.7103551775887943,0.5403432503137122
0.7113556778389194,-0.7938806463553477
0.7123561780890445,-0.19015470079865532
0.7133566783391695,-0.5977622686647814
0.7143571785892946,-1.1894781060344166
0.7153576788394197,-0.10693699085493613
0.7163581790895447,-1.234405908355879
0.7173586793396698,-1.2805512964852925
0.7183591795897949,-0.8727244175154043
0.7193596798399199,-0.7566990791710904
0.720360180090045,0.09103334607470735
0.72136068034017,1.2504540129102388
0.7223611805902951,0.23073758069317374
0.7233616808404202,1.484487177425883
0.7243621810905452,1.357035971559103
0.7253626813406703,1.039461388752301
0.7263631815907954,0.7001993793320159
0.7273636818409204,1.3564072056215974
0.7283641820910455,0.39232526079778723
0.7293646823411706,-0.9817497027292509
0.7303651825912956,-0.06473170081023383
0.7313656828414207,-0.18764349573488287
0.7323661830915458,-0.2050659990257962
0.7333666833416708,-1.1966798610477292
0.7343671835917959,-0.3451136295150068
0.7353676838419209,0.08119667614971338
0.736368184092046,-1.1252810941301887
0.7373686843421711,-0.470678195008662
0.7383691845922961,-0.4682544402520691
0.7393696848424212,-0.35280145220435
0.7403701850925463,0.14274564841203674
0.7413706853426713,1.893379272112276
0.7423711855927964,0.3658092316695384
0.7433716858429215,1.421565673645646
0.7443721860930465,0.9089377989838426
0.7453726863431716,0.6991655326872735
0.7463731865932965,-0.5901830555748417
0.7473736868434216,0.830084468094658
0.7483741870935467,-0.2539943762461862
0.7493746873436717,0.12130092453908851
0.7503751875937968,-0.6429658146509311
0.751375687843922,0.6474550910386847
0.7523761880940469,-0.4403813179485201
0.753376688344172,-1.0895583609424646
0.7543771885942971,-1.1059394738088106
0.7553776888444221,-0.38554243195420956
0.7563781890945472,-1.4601543459544382
0.7573786893446722,-0.4081716445949061
0.7583791895947973,-0.5075925367897615
0.7593796898449224,-0.17973196617679152
0.7603801900950474,-0.593558713968354
0.7613806903451725,0.8409933121183333
0.7623811905952976,1.2262586441753172
0.7633816908454226,1.0389633355706172
0.7643821910955477,0.15028192875417357
0.7653826913456728,1.2934676547239263
0.7663831915957978,1.4442525333717346
0.7673836918459229,0.2179418762684472
0.7683841920960479,-0.15521915515312634
0.769384692346173,0.8375988440636136
0.7703851925962981,-0.5858394002409171
0.7713856928464231,-0.36562132123778013
0.7723861930965482,-1.2776267224570912
0.7733866933466733,-2.146156434405653
0.7743871935967983,-1.1596404451744502
0.7753876938469234,-0.6444816355273728
0.7763881940970485,-1.2943570614672635
0.7773886943471735,0.12923366536408254
0.7783891945972986,-0.6043793273966397
0.7793896948474237,-0.32704048318460516
0.7803901950975487,-0.47745070368710657
0.7813906953476738,0.19485869283353463
0.7823911955977988,0.2515193043443818
0.7833916958479239,1.3488356208755565
0.784392196098049,0.22435115358881275
0.785392696348174,0.7014020096099851
0.7863931965982991,0.9620480868292042
0.7873936968484242,0.765439885798664
0.7883941970985492,0.288567838538376
0.7893946973486743,0.06936577256918021
0.7903951975987994,-0.20852160916548745
0.7913956978489244,-0.05071126049479924
0.7923961980990495,-1.5731717294103047
0.7933966983491745,-1.463801773785222
0.7943971985992996,-1.859793240870811
0.7953976988494247,-0.6649812021020154
0.7963981990995497,-0.7542449937025413
0.7973986993496748,-0.3847713247241826
0.7983991995997999,-0.14750970523305174
0.7993996998499249,-0.20688661226054814
0.80040020010005,-0.6723199513713736
0.8014007003501751,1.3090221208909099
0.8024012006003001,0.009236447243432533
0.8034017008504252,0.29420465673923424
0.8044022011005502,0.6433889392647166
0.8054027013506753,0.7858321015324948
0.8064032016008004,1.0670268226647386
0.8074037018509254,0.2708985989882741
0.8084042021010505,-0.43084786504401446
0.8094047023511756,0.45284828920746023
0.8104052026013006,0.1952089991197233
0.8114057028514257,-0.4235556758510195
0.8124062031015508,-0.9081580585589037
0.8134067033516758,0.005092078097544861
0.8144072036018009,-1.3110653275483428
0.815407703851926,-1.1599325087411534
0.816408204102051,-1.477518847547686
0.817408704352176,0.14168272293575357
0.818409204602301,-0.10833998616938606
0.8194097048524261,-0.5474731549431535
0.8204102051025512,-0.4162913761966942
0.8214107053526762,0.7241185166278687
0.8224112056028013,0.240161381639467
0.8234117058529264,1.1089663737392086
0.8244122061030514,2.152135309969005
0.8254127063531765,1.297511103683432
0.8264132066033016,0.9553003545297375
0.8274137068534266,0.48745075234051566
0.8284142071035517,0.8403195000511876
0.8294147073536767,0.5811842720331732
0.8304152076038018,-0.2081344842956212
0.8314157078539269,-0.48312430320270056
0.8324162081040519,-0.42027720717478023
0.833416708354177,-0.9141489441259831
0.8344172086043021,-0.3108705117940669
0.8354177088544271,-0.7170817119665318
0.8364182091045522,-0.27781096814092054
0.8374187093546773,-0.7104514064689748
0.8384192096048023,-0.775857354685096
0.8394197098549274,0.3338199845377523
0.8404202101050524,0.07260174248698674
0.8414207103551775,0.8977954653112235
0.8424212106053026,0.2892424631956132
0.8434217108554276,1.3507105408631745
0.8444222111055527,1.1759184056862837
0.8454227113556778,1.1947284206685564
0.8464232116058028,0.7407976181491801
0.8474237118559279,0.4495220277434308
0.848424212106053,0.8157408495661829
0.849424712356178,-0.041956123413117746
0.8504252126063031,-0.42698564675766554
0.8514257128564282,0.37375812393111907
0.8524262131065532,-0.893886806342021
0.8534267133566783,-0.19706862880996978
0.8544272136068033,-0.5559427027158199
0.8554277138569284,-1.142568157918274
0.8564282141070535,-0.19903656172734152
0.8574287143571785,-1.2608118333512996
0.8584292146073036,-0.8676081170670014
0.8594297148574287,-0.5099569151357652
0.8604302151075537,0.6189937046787649
0.8614307153576788,0.038977101041500706
0.8624312156078039,1.4291572520084697
0.8634317158579289,1.1592217608677409
0.864432216108054,0.7482974715787847
0.865432716358179,1.6502160162009079
0.8664332166083041,1.2219106724257005
0.8674337168584292,1.2504939309329182
0.8684342171085542,0.06027310790126372
0.8694347173586793,0.811849450368701
0.8704352176088044,-0.3415748448722642
0.8714357178589294,-0.4016016143046171
0.8724362181090545,-0.16213247095928673
0.8734367183591796,-0.3321230966866886
0.8744372186093046,-0.567107074430075
0.8754377188594297,-1.3107868940266774
0.8764382191095547,-0.9966658704806609
0.8774387193596798,-0.8248459011855265
0.8784392196098049,-1.7520081678589232
0.8794397198599299,-0.13120323140122994
0.880440220110055,-0.4973714304396289
0.8814407203601801,0.6464129570009555
0.882441220610305,0.6705876227615497
0.8834417208604302,0.4156069659197312
0.8844422211105553,0.49312289798999914
0.8854427213606803,1.0654204207769185
0.8864432216108054,0.05981749978426498
0.8874437218609305,0.6478892156850079
0.8884442221110554,0.7815861973190362
0.8894447223611806,1.2852838475789505
0.8904452226113055,0.171221534090014
0.8914457228614306,-0.2597848044588761
0.8924462231115557,0.4597886958035663
0.8934467233616807,-0.6015273782448192
0.8944472236118058,-1.5941724326756828
0.8954477238619309,-1.2744336403079897
0.8964482241120559,-0.02041329549219706
0.897448724362181,-0.4545722508551217
0.8984492246123061,-1.2907480604229333
0.8994497248624311,-0.25194331104786544
0.9004502251125562,0.11793209851388678
0.9014507253626812,0.7683265023499155
0.9024512256128063,0.7085506247830177
0.9034517258629314,1.5774276791635122
0.9044522261130564,-0.07751977748904537
0.9054527263631815,0.0747339026901126
0.9064532266133066,0.6161527119875103
0.9074537268634316,0.43484702580173
0.9084542271135567,0.6694620823244106
0.9094547273636818,0.7682464831664664
0.9104552276138068,0.2729647215614205
0.9114557278639319,-0.21488039601270867
0.9124562281140569,-0.7902277467253882
0.913456728364182,-0.6393145950270195
0.9144572286143071,-1.1039671940616935
0.9154577288644321,-1.6891618254628864
0.9164582291145572,-0.032097880699015646
0.9174587293646823,-1.3207338600274459
0.9184592296148073,-0.9575457572720174
0.9194597298649324,0.11605564017521611
0.9204602301150575,-0.07099493676154214
0.9214607303651825,0.5614706965063437
0.9224612306153076,0.632633101024816
0.9234617308654326,0.41028799392802884
0.9244622311155577,1.005569754231503
0.9254627313656828,1.3880715795212968
0.9264632316158078,0.12633128940188254
0.9274637318659329,1.2981260416358453
0.928464232116058,0.35896344885574294
0.929464732366183,0.517680700994599
0.9304652326163081,-0.05151098021619052
0.9314657328664332,-0.9688345942747247
0.9324662331165582,-0.4606031317629148
0.9334667333666833,0.2944250541029896
0.9344672336168084,-0.8222503477209693
0.9354677338669334,0.1511528331861457
0.9364682341170585,-1.8887630528201196
0.9374687343671835,0.13902685972131057
0.9384692346173086,-0.21607258659475453
0.9394697348674337,-0.03482096695932449
0.9404702351175587,0.34309611185336747
0.9414707353676838,0.1658155561768455
0.9424712356178089,0.5809849213465791
0.9434717358679339,1.5777567717764711
0.944472236118059,1.303409096159061
0.9454727363681841,0.9129448539117715
0.9464732366183091,2.3353847424144765
0.9474737368684342,1.3177686800220445
0.9484742371185592,-0.3216155235074005
0.9494747373686843,0.2072457577923973
0.9504752376188094,0.11871687722601046
0.9514757378689344,0.3668989700068245
0.9524762381190595,-0.9761970466225008
0.9534767383691846,0.033101850693619705
0.9544772386193096,-0.6451452436493248
0.9554777388694347,-1.4565847646536123
0.9564782391195598,-1.1953018061411662
0.9574787393696848,-0.7725019193673456
0.9584792396198099,0.7066558345461847
0.9594797398699348,0.998308540407233
0.96048024012006,0.0009918376480536617
0.961480740370185,0.6083090350719373
0.96248124062031,2.0436461636075443
0.9634817408704351,0.2473843844357272
0.9644822411205602,1.0456835101119486
0.9654827413706852,1.327551717464376
0.9664832416208103,0.4978968553872739
0.9674837418709354,0.9854748310217885
0.9684842421210604,0.38361124971602
0.9694847423711855,0.03045064835869532
0.9704852426213106,0.00711734794650784
0.9714857428714356,-0.1619554020362574
0.9724862431215607,-0.7985479548260962
0.9734867433716857,-1.2869748788037538
0.9744872436218108,-1.2782193608302754
0.9754877438719359,-2.15255040669723
0.9764882441220609,-0.07148314111531706
0.977488744372186,-1.3752540867665324
0.9784892446223111,-0.6162921979685333
0.9794897448724361,-0.10917133303437693
0.9804902451225612,0.08312469579783398
0.9814907453726863,0.9313173015969741
0.9824912456228113,0.983248228715998
0.9834917458729364,0.8134201362129285
0.9844922461230614,1.4150254180683284
0.9854927463731865,0.6139012348489514
0.9864932466233116,0.5736522796612602
0.9874937468734366,0.817197281616006
0.9884942471235617,0.2978182954188995
0.9894947473736868,0.440840688060697
0.9904952476238118,-0.572620750995855
0.9914957478739369,-0.1834358184253897
0.992496248124062,-0.6175524411983925
0.993496748374187,-1.5577776663795664
0.9944972486243121,-1.2827203513248637
0.9954977488744371,-0.1484821592726716
0.9964982491245622,-0.21835369127460902
0.9974987493746873,-0.6293482835944966
0.9984992496248123,0.3331861658702628
0.9994997498749374,0.44168898627661235
1.0005002501250624,0.3144532562983512
1.0015007503751876,0.47119292165390736
1.0025012506253126,0.4343976411503626
1.0035017508754376,0.9889647195758453
1.0045022511255628,-0.3242094919951086
1.0055027513756878,1.0561165717324674
1.0065032516258128,1.1865448626588442
1.007503751875938,0.7507381064214007
1.008504252126063,0.056171295575983105
1.009504752376188,-0.012341278662907462
1.0105052526263132,0.43310138428667033
1.0115057528764382,-0.27401250320080706
1.0125062531265632,-1.4785270779078554
1.0135067533766882,-0.27542671725574397
1.0145072536268134,-0.5714583866922115
1.0155077538769384,-1.7845414841629559
1.0165082541270634,-1.3936902622992342
1.0175087543771886,-0.5831132941467119
1.0185092546273136,-0.8840689867358192
1.0195097548774386,-0.45182421590085026
1.0205102551275638,0.30480069018597417
1.0215107553776888,0.47627720510161503
1.0225112556278138,1.7348152812014856
1.023511755877939,0.20287470866359147
1.024512256128064,0.9471099619892045
1.025512756378189,0.23042261304075462
1.0265132566283142,1.4919222313567646
1.0275137568784392,1.4718701311514772
1.0285142571285641,0.30726783639237487
1.0295147573786894,-0.6117978439249598
1.0305152576288144,0.04779691669495306
1.0315157578789393,0.2898282351581616
1.0325162581290646,-0.17243790546686755
1.0335167583791895,-0.4491261194784318
1.0345172586293145,-1.1069942948885572
1.0355177588794398,-1.3082631682850014
1.0365182591295647,-1.1729476441389228
1.0375187593796897,0.27338688962676216
1.0385192596298147,-0.47737658808311845
1.03951975987994,0.15245755905530478
1.040520260130065,0.029767836186118557
1.04152076038019,0.6670610515302734
1.0425212606303151,1.2737143958553871
1.0435217608804401,0.7289352064693851
1.0445222611305651,1.4330301291716887
1.0455227613806903,0.57438311570603
1.0465232616308153,-0.1724304165119236
1.0475237618809403,1.4983139928571347
1.0485242621310655,-0.0026148435776164325
1.0495247623811905,0.1839180297544583
1.0505252626313155,-0.4801203508216242
1.0515257628814407,-0.3662541563368885
1.0525262631315657,-0.42768218941723807
1.0535267633816907,-1.385556660030129
1.054527263631816,-0.6180090883122822
1.055527763881941,-0.6459559557418189
1.056528264132066,-1.5391695448288503
1.0575287643821911,-0.3418232849179598
1.0585292646323161,0.4583247950544989
1.059529764882441,-0.1118934195903945
1.060530265132566,1.1724882632369735
1.0615307653826913,0.378861206817535
1.0625312656328163,1.7040094982359175
1.0635317658829413,0.8906755561541011
1.0645322661330665,0.8072470216328274
1.0655327663831915,0.593487796286144
1.0665332666333165,1.0072973181949292
1.0675337668834417,0.759378916194259
1.0685342671335667,-0.9755725163759077
1.0695347673836917,0.11393390258706992
1.070535267633817,-0.8910054750819233
1.071535767883942,-0.8080908824352977
1.0725362681340669,-1.1562750220514135
1.073536768384192,-1.5833063466288244
1.074537268634317,-1.458403045831442
1.075537768884442,-1.2570961911658904
1.0765382691345673,-0.7179876910469418
1.0775387693846923,-0.9672608798809645
1.0785392696348173,-1.7452653431994305
1.0795397698849425,-0.25674613345726127
1.0805402701350675,0.021058650099514326
1.0815407703851925,0.8242836399657594
1.0825412706353177,0.9447891753826536
1.0835417708854427,1.7226483921810256
1.0845422711355677,1.1562864967589541
1.0855427713856927,0.5784341156984703
1.0865432716358179,0.13311609071698038
1.0875437718859429,-0.18443784568236798
1.0885442721360679,0.5111910824841268
1.089544772386193,-0.6156125622536308
1.090545272636318,-0.12656802712106055
1.091545772886443,-0.730073965795486
1.0925462731365683,-1.0997160268012367
1.0935467733866933,-1.9591963521866382
1.0945472736368183,-1.404660277317542
1.0955477738869435,-1.2400143146839633
1.0965482741370685,-1.7211804720959494
1.0975487743871934,-0.009969549021485946
1.0985492746373187,-0.0742279662961356
1.0995497748874437,-0.575410491092996
1.1005502751375686,0.006824790895483462
1.1015507753876939,-0.5648918670936139
1.1025512756378189,1.1576675714305367
1.1035517758879438,0.7337660757122989
1.104552276138069,1.7026119768502432
1.105552776388194,0.7081656216541804
1.106553276638319,-0.07099089421508498
1.1075537768884443,1.3769895513905508
1.1085542771385692,0.3228467523389752
1.1095547773886942,-0.3913055532540643
1.1105552776388192,0.25188424860194725
1.1115557778889444,0.024893574785040784
1.1125562781390694,-0.5285788865080769
1.1135567783891944,-0.8526805944102671
1.1145572786393196,-1.3223219272465032
1.1155577788894446,-0.800591605146377
1.1165582791395696,0.4047095790797415
1.1175587793896948,-0.2883211543521929
1.1185592796398198,-0.15900271012006634
1.1195597798899448,0.11985333716713281
1.12056028014007,0.44737056782955686
1.121560780390195,1.1641932546453293
1.12256128064032,0.47057036135496516
1.1235617808904452,0.6821625597441612
1.1245622811405702,0.5641966606922184
1.1255627813906952,0.6460841125828125
1.1265632816408204,1.4786670659277585
1.1275637818909454,0.3076622104335812
1.1285642821410704,1.0610798124386798
1.1295647823911956,-0.4244008788277418
1.1305652826413206,0.1155050086034731
1.1315657828914456,0.3191824878826418
1.1325662831415706,-1.0943000345212026
1.1335667833916958,-0.6905424243148639
1.1345672836418208,-1.8954043815031119
1.1355677838919458,-0.45358936884648804
1.136568284142071,-0.762214659794433
1.137568784392196,-0.8937416623515383
1.138569284642321,-0.3957433942237558
1.1395697848924462,-0.2547837192701527
1.1405702851425712,0.36398394800170375
1.1415707853926962,0.30523796386854674
1.1425712856428214,0.1359181695626882
1.1435717858929464,-0.3336663501090552
1.1445722861430714,1.7484387431665105
1.1455727863931966,0.8632417521211126
1.1465732866433216,0.9181993212341181
1.1475737868934466,0.5414505590129878
1.1485742871435718,0.9175169006840844
1.1495747873936968,0.35740347302254283
1.1505752876438218,0.7557221076880376
1.151575787893947,-1.564506233993052
1.152576288144072,-1.4439031548077925
1.153576788394197,-1.3835748098790772
1.1545772886443222,-1.1824107632985192
1.1555777888944472,-1.6226484108981643
1.1565782891445722,-1.2427434895917222
1.1575787893946972,-0.5544159654980818
1.1585792896448224,0.14745023372458382
1.1595797898949474,-0.6476094541696806
1.1605802901450724,1.2844582143514574
1.1615807903951976,0.6018877465490452
1.1625812906453226,0.6534179624093389
1.1635817908954476,0.8227859596440542
1.1645822911455728,1.5189140575622564
1.1655827913956978,1.3407642089573917
1.1665832916458228,0.7020469809136695
1.167583791895948,1.111370803494469
1.168584292146073,1.2194075809891722
1.169584792396198,-0.05407477582857445
1.1705852926463232,-0.5959759194478504
1.1715857928964482,-0.9788489587593378
1.1725862931465731,0.9339134954918992
1.1735867933966984,-0.7082390858637964
1.1745872936468233,-0.9071260599727421
1.1755877938969483,-1.7276369640570497
1.1765882941470736,-1.483908948990527
1.1775887943971985,-0.5103055475470045
1.1785892946473235,-0.23260514239424096
1.1795897948974485,0.07411755917896945
1.1805902951475737,-0.24493514823781792
1.1815907953976987,0.09044422834975685
1.1825912956478237,0.4664160281631697
1.183591795897949,1.009754704131539
1.184592296148074,0.8760520368998678
1.185592796398199,0.28311500551958957
1.1865932966483241,0.9532699073087276
1.1875937968984491,-0.27022856278749396
1.1885942971485741,0.8898932627423997
1.1895947973986993,-1.0774689207802677
1.1905952976488243,1.1746087324829688
1.1915957978989493,-0.8290064113352411
1.1925962981490745,-0.5710388232348206
1.1935967983991995,-1.2152664124308246
1.1945972986493245,-0.9375019192675661
1.1955977988994497,-0.32048543033236
1.1965982991495747,-0.8452291217269836
1.1975987993996997,-1.3757792282856145
1.198599299649825,-0.02730229256673622
1.19959979989995,-1.3760807093378717
1.200600300150075,0.6469571111969459
1.2016008004002001,0.4686727912651703
1.2026013006503251,0.1989824799304748
1.20360180090045,1.3527661436978562
1.204602301150575,1.5461331920599934
1.2056028014007003,0.5903155452464907
1.2066033016508253,0.810319538578306
1.2076038019009503,-0.32207837913618076
1.2086043021510755,0.8103966265556847
1.2096048024012005,0.8771091716367059
1.2106053026513255,-0.28129792165422207
1.2116058029014507,-0.04527193373045496
1.2126063031515757,-0.6700483714488054
1.2136068034017007,-0.15625851876892982
1.214607303651826,-0.23651017815048525
1.215607803901951,-0.7129064166456067
1.2166083041520759,-1.465356063229958
1.217608804402201,-0.3676309985089796
1.218609304652326,-0.3806638593248751
1.219609804902451,0.5814271141168367
1.2206103051525763,0.5983574751218246
1.2216108054027013,0.3972275351427109
1.2226113056528263,0.861484101807711
1.2236118059029515,1.363299686813004
1.2246123061530765,1.4759227099003385
1.2256128064032015,1.464231939981143
1.2266133066533267,1.3343839423367954
1.2276138069034517,0.5361000182631903
1.2286143071535767,0.7086828487315514
1.2296148074037017,-0.2848517914470521
1.2306153076538269,0.0659808715426447
1.2316158079039519,-0.48935142982580304
1.2326163081540769,-0.8701386372109603
1.233616808404202,-0.021661298052805367
1.234617308654327,-0.5596717111271654
1.235617808904452,0.14062683467876547
1.2366183091545773,-1.2940772477417892
1.2376188094047023,0.28197523657574064
1.2386193096548272,-1.3435740696315797
1.2396198099049525,-0.8602587926797394
1.2406203101550775,-0.15133559919918266
1.2416208104052024,0.9112937195118069
1.2426213106553277,-0.17881353595778415
1.2436218109054527,0.772005599050424
1.2446223111555776,0.6274772461256028
1.2456228114057029,1.117325858352634
1.2466233116558278,1.1675733829909523
1.2476238119059528,0.272805198494472
1.248624312156078,0.5820497046869599
1.249624812406203,0.26170965115549405
1.250625312656328,0.09134259277384638
1.251625812906453,-0.22845444271488857
1.2526263131565782,-0.3305715717946849
1.2536268134067032,-0.5193958701042007
1.2546273136568282,-0.8748947230180488
1.2556278139069534,-0.6363673957867817
1.2566283141570784,-1.095871500663566
1.2576288144072034,-0.7528921697910016
1.2586293146573286,-0.2970027107148108
1.2596298149074536,-0.7297021679593045
1.2606303151575786,0.9034329912355628
1.2616308154077038,0.3316733978344535
1.2626313156578288,0.9952810526840308
1.2636318159079538,0.9582588981657559
1.264632316158079,0.47113336129581607
1.265632816408204,0.6766598669962796
1.266633316658329,1.093684494153475
1.2676338169084542,0.6634335065167821
1.2686343171585792,-0.8055791623974461
1.2696348174087042,-0.5886051491131709
1.2706353176588294,-0.019111842657496353
1.2716358179089544,-1.031263288887955
1.2726363181590794,0.077191001584903
1.2736368184092046,-1.0997798800209662
1.2746373186593296,-0.6745857482613065
1.2756378189094546,0.3687180288691484
1.2766383191595796,0.3994419003920545
1.2776388194097048,-0.8250255446468733
1.2786393196598298,0.21947580569920933
1.2796398199099548,0.017646922099598478
1.28064032016008,-0.4783746953112833
1.281640820410205,1.1914975817984932
1.28264132066033,0.907952929770719
1.2836418209104552,0.7555599063582967
1.2846423211605802,1.4336259350165095
1.2856428214107052,1.3590501015809215
1.2866433216608304,0.7462601012147774
1.2876438219109554,0.12149751679949905
1.2886443221610804,0.45288704491416326
1.2896448224112056,-0.4907357359242754
1.2906453226613306,-0.002897151025595235
1.2916458229114556,-0.8726117702522697
1.2926463231615808,-0.8075369318043097
1.2936468234117058,-1.1886684864307289
1.2946473236618308,-0.8913648908907879
1.295647823911956,0.06732370075479521
1.296648324162081,-0.1837027876883569
1.297648824412206,-0.8233997070354224
1.298649324662331,0.08543158280676899
1.2996498249124562,0.48785017457106433
1.3006503251625812,-0.08330057470081234
1.3016508254127062,0.5654409497174324
1.3026513256628314,0.6046182344191959
1.3036518259129564,0.22275408232499871
1.3046523261630814,1.2950427995522702
1.3056528264132066,1.762011332977166
1.3066533266633316,0.23590956477496883
1.3076538269134566,0.5941383850675619
1.3086543271635818,0.748695442641302
1.3096548274137068,-0.6328665748088524
1.3106553276638317,-0.6252634615954327
1.311655827913957,-0.7596316248538186
1.312656328164082,-0.9870823865028497
1.313656828414207,-1.2934477266724516
1.3146573286643322,-1.7633587468039882
1.3156578289144572,-1.0378124519809253
1.3166583291645821,-0.9406283673536189
1.3176588294147074,-0.8319378701899649
1.3186593296648323,0.08830501141985797
1.3196598299149573,-1.0045591812839123
1.3206603301650826,0.34278045369655014
1.3216608304152075,1.210806552095267
1.3226613306653325,1.068000601688557
1.3236618309154575,0.417314665820777
1.3246623311655827,1.676380665331436
1.3256628314157077,0.09757181104621393
1.3266633316658327,1.671106664612949
1.327663831915958,0.4639636004016803
1.328664332166083,0.14436876184017122
1.329664832416208,0.3507053413155297
1.3306653326663331,-0.1839493407430703
1.3316658329164581,-0.5689553620127501
1.3326663331665831,-0.3528219352247113
1.3336668334167083,0.07324472944447225
1.3346673336668333,-0.9556382634550882
1.3356678339169583,-0.5860572444719275
1.3366683341670835,-0.3506174424531441
1.3376688344172085,-0.344017423851657
1.3386693346673335,0.15747539908396452
1.3396698349174587,0.35528156407279105
1.3406703351675837,0.11143081802758185
1.3416708354177087,0.16852650311820888
1.342671335667834,0.5682801114689222
1.343671835917959,0.843355955468766
1.344672336168084,0.5708025955472232
1.3456728364182091,1.2772654488417525
1.346673336668334,0.10859997636548901
1.347673836918459,0.05449186174193632
1.348674337168584,0.016985746953201097
1.3496748374187093,0.5967290805251059
1.3506753376688343,-0.08861061281270195
1.3516758379189593,-0.8533907147757471
1.3526763381690845,-0.8761890010995439
1.3536768384192095,-1.2161640568175707
1.3546773386693345,-0.9995848536781655
1.3556778389194597,-0.09713533087842596
1.3566783391695847,-0.14472051639314987
1.3576788394197097,-1.4978220511377724
1.358679339669835,-1.505710470199666
1.3596798399199599,-1.1040286252102889
1.3606803401700849,0.647565614173908
1.36168084042021,0.2123514499187813
1.362681340670335,1.3135084332592961
1.36368184092046,1.3345626375514326
1.3646823411705853,1.4416695364148295
1.3656828414207103,1.847808892313815
1.3666833416708353,1.0215581666205327
1.3676838419209605,0.18098778103316848
1.3686843421710855,0.11303678183265325
1.3696848424212105,1.0916860493649365
1.3706853426713355,-0.23279982502615765
1.3716858429214607,-0.6747621689838104
1.3726863431715857,-0.6372206104524298
1.3736868434217107,-0.5398467943385191
1.3746873436718359,-0.6937597634954141
1.3756878439219609,-0.9389070775222405
1.3766883441720859,-1.01328782900203
1.377688844422211,-0.5111258978577788
1.378689344672336,0.26134295506658956
1.379689844922461,-0.6740332719169978
1.3806903451725863,-0.2979571043522147
1.3816908454227113,0.2982262909246369
1.3826913456728362,0.904116671560048
1.3836918459229615,1.2858305549222375
1.3846923461730865,0.2853558593358745
1.3856928464232114,1.9617093222487392
1.3866933466733367,0.39136489771188276
1.3876938469234616,0.7255081069967371
1.3886943471735866,0.7992508748258114
1.3896948474237119,0.5248263035962936
1.3906953476738368,-0.21499831151257576
1.3916958479239618,0.33403559637841074
1.392696348174087,-0.6210711657242511
1.393696848424212,-0.10276320599241928
1.394697348674337,-0.9422750616881315
1.395697848924462,-0.7727166929549645
1.3966983491745872,-1.2591911403304992
1.3976988494247122,-0.6930082915742717
1.3986993496748372,-1.037085380328968
1.3996998499249624,1.2468143702462193
1.4007003501750874,-0.47464244791908233
1.4017008504252124,0.6009235334170692
1.4027013506753376,0.38357199715592116
1.4037018509254626,1.1233785088837929
1.4047023511755876,0.0527653007185972
1.4057028514257128,1.4627399984793168
1.4067033516758378,1.3788401398975534
1.4077038519259628,1.0391956383682914
1.408704352176088,0.011569858824740764
1.409704852426213,-0.30894992394621174
1.410705352676338,-0.6006970650463744
1.4117058529264632,0.08469945762738351
1.4127063531765882,-1.1781187322062556
1.4137068534267132,-1.1301391527247358
1.4147073536768384,-0.57583062655328
1.4157078539269634,-0.284696286192645
1.4167083541770884,-1.1058831747327058
1.4177088544272134,-1.6281425775873544
1.4187093546773386,0.04185024303140089
1.4197098549274636,0.2910836785663773
1.4207103551775886,-0.29461397930042027
1.4217108554277138,0.39823825177060945
1.4227113556778388,1.4235978147018704
1.4237118559279638,0.4917813234347886
1.424712356178089,-0.11475719347411661
1.425712856428214,1.1017702652422539
1.426713356678339,0.4377746270943936
1.4277138569284642,0.5907832457791885
1.4287143571785892,0.6085334809483577
1.4297148574287142,-0.5428340218301714
1.4307153576788394,0.20609809008164762
1.4317158579289644,-0.6478851521975634
1.4327163581790894,-0.029466540202356728
1.4337168584292146,-0.5452595214516699
1.4347173586793396,-0.6807997291866917
1.4357178589294646,-0.5215370629087213
1.4367183591795898,-0.4445204704683401
1.4377188594297148,-1.1813812158994137
1.4387193596798398,-0.09971790343451226
1.439719859929965,-0.07773812653604978
1.44072036018009,0.437326678541209
1.441720860430215,0.9769664136422664
1.44272136068034,0.3877897999833475
1.4437218609304652,0.7125953990342602
1.4447223611805902,1.3790367272778052
1.4457228614307152,0.4239366704474272
1.4467233616808404,0.9485607281443786
1.4477238619309654,0.5870883716433496
1.4487243621810904,-0.13713241138671722
1.4497248624312156,1.2410518433685338
1.4507253626813406,-0.27276327564838543
1.4517258629314655,0.15708519816643984
1.4527263631815908,-1.3560541929254883
1.4537268634317158,-0.6135264906845335
1.4547273636818407,-0.7401748690843271
1.455727863931966,-0.8426211156218013
1.456728364182091,0.42185516170634363
1.457728864432216,-1.0896205314481124
1.4587293646823412,-0.9082144192945925
1.4597298649324661,-0.4093986797497417
1.4607303651825911,0.38641872176339587
1.4617308654327164,0.776751177531815
1.4627313656828413,1.9213392435186583
1.4637318659329663,0.6060754425920474
1.4647323661830915,0.7927335963711376
1.4657328664332165,2.115226078237931
1.4667333666833415,1.351361464686327
1.4677338669334665,0.6618777639958145
1.4687343671835917,-0.13057212470846724
1.4697348674337167,-0.4146715213943043
1.4707353676838417,0.20831304002950365
1.471735867933967,-0.36935768509393985
1.472736368184092,-0.14523636686762276
1.473736868434217,-0.5776668906849234
1.4747373686843421,-0.34575845720943366
1.4757378689344671,-1.199612273530752
1.4767383691845921,-1.037498069066137
1.4777388694347173,0.028144985226003172
1.4787393696848423,0.03349735767977735
1.4797398699349673,-0.06972695637229333
1.4807403701850925,0.13927043674823114
1.4817408704352175,0.8657514234873098
1.4827413706853425,1.4418857624744836
1.4837418709354677,0.24017093444197712
1.4847423711855927,0.7862773038026514
1.4857428714357177,1.6554717061817126
1.486743371685843,1.1379375565563423
1.487743871935968,1.1955536762372172
1.488744372186093,0.32203075360775557
1.489744872436218,-0.26536523955822694
1.490745372686343,0.6319615394831561
1.491745872936468,-0.5637755185697768
1.492746373186593,-2.013884549749026
1.4937468734367183,-0.1123541183720207
1.4947473736868433,-1.172135274976384
1.4957478739369683,-0.6365793228662204
1.4967483741870935,-1.18567606971395
1.4977488744372185,-0.9718397865267155
1.4987493746873435,0.04942679108111658
1.4997498749374687,-0.46877773001085987
1.5007503751875937,0.7877632682274864
1.5017508754377187,0.3665893246338784
1.502751375687844,0.4565486425562217
1.5037518759379689,0.1629045582957508
1.5047523761880939,0.8517368428314827
1.505752876438219,0.8109174992348049
1.506753376688344,0.5380129278355101
1.507753876938469,1.0437408833126205
1.5087543771885943,-0.30232926963874907
1.5097548774387193,0.16300091225832963
1.5107553776888443,-0.0569981863905307
1.5117558779389695,-1.0138388408315075
1.5127563781890945,-0.07218299980612819
1.5137568784392195,-0.8752051361469428
1.5147573786893445,-0.8681963772626111
1.5157578789394697,-0.4859441974443513
1.5167583791895947,-1.2491153910645094
1.5177588794397197,-0.23093165475564975
1.5187593796898449,-0.5035728746956805
1.5197598799399699,0.37950989795132806
1.5207603801900949,0.6442691846919468
1.52176088044022,1.0321684855863744
1.522761380690345,0.14580154669417478
1.52376188094047,0.8932781177931569
1.5247623811905953,1.6144038016199551
1.5257628814407203,1.2475897318565785
1.5267633816908452,1.4556412325990178
1.5277638819409705,-0.17555518760006505
1.5287643821910955,1.1192295632188307
1.5297648824412204,-0.6260391826250242
1.5307653826913457,-0.5649194919462401
1.5317658829414706,-0.8079369393489447
1.5327663831915956,-1.1242973907274163
1.5337668834417209,-0.5602560162282568
1.5347673836918458,-1.228850462740362
1.5357678839419708,-0.7607557758613869
1.5367683841920958,-0.8718127012015152
1.537768884442221,-0.798185380721639
1.538769384692346,0.5951594599822194
1.539769884942471,-0.09365556571413158
1.5407703851925962,0.6245751559935032
1.5417708854427212,0.7253368876490885
1.5427713856928462,1.0319161448959304
1.5437718859429714,0.29288934726087423
1.5447723861930964,0.6065804590178576
1.5457728864432214,1.3170370462183847
1.5467733866933466,0.46641134361325065
1.5477738869434716,0.3064821571215964
1.5487743871935966,1.3472991940791772
1.5497748874437218,-0.5459116449378475
1.5507753876938468,-0.15555792207345276
1.5517758879439718,0.38637851310873106
1.552776388194097,-0.5214076955552007
1.553776888444222,-0.5409588023639017
1.554777388694347,-1.3318584451478255
1.5557778889444722,-0.7752313163035833
1.5567783891945972,-1.075283685726639
1.5577788894447222,-1.139820595457743
1.5587793896948474,-0.5165084142487115
1.5597798899449724,0.9747364740376714
1.5607803901950974,0.3712237932814135
1.5617808904452224,1.0507366173928796
1.5627813906953476,1.16924627580425
1.5637818909454726,0.6219101200719426
1.5647823911955976,0.2934992958653295
1.5657828914457228,1.4679276868823667
1.5667833916958478,0.6782912750862047
1.5677838919459728,0.7653366463566919
1.568784392196098,0.26336543200962914
1.569784892446223,0.021384756093821886
1.570785392696348,-0.15057069812072513
1.5717858929464732,-0.1586243362611514
1.5727863931965982,-0.3163714003391231
1.5737868934467232,-1.275476317994922
1.5747873936968484,-1.0729870457961763
1.5757878939469734,-1.5806994593305066
1.5767883941970984,-1.2657109195604965
1.5777888944472236,-0.4755993948436199
1.5787893946973486,-0.16441636898664994
1.5797898949474736,0.4470501388921889
1.5807903951975988,0.6319008834649311
1.5817908954477238,-0.033440744813510115
1.5827913956978488,1.2520738206251898
1.583791895947974,0.09040858742846125
1.584792396198099,1.5888356100191763
1.585792896448224,1.0686491062523704
1.586793396698349,0.9942349737729987
1.5877938969484742,0.6025631287481246
1.5887943971985992,0.5056807484306136
1.5897948974487242,-0.3608033369868072
1.5907953976988494,-0.3603349346595429
1.5917958979489744,-1.4643653144133353
1.5927963981990994,-0.2243257917735474
1.5937968984492246,-0.8468473932102963
1.5947973986993496,-0.8224947243642027
1.5957978989494745,-1.6186344946794216
1.5967983991995998,-0.34226910308210134
1.5977988994497248,-0.845675991311957
1.5987993996998497,0.292567476445667
1.599799899949975,-0.4663083598017682
1.6008004002001,1.0614544856167338
1.601800900450225,0.48813873785357575
1.6028014007003502,1.0606761858564466
1.6038019009504751,0.6625031817668788
1.6048024012006001,1.3277797270928626
1.6058029014507254,1.556831962878944
1.6068034017008503,0.34369536225446007
1.6078039019509753,0.5890066747062634
1.6088044022011003,0.36869714525487557
1.6098049024512255,0.0116558225611273
1.6108054027013505,0.12956683074436015
1.6118059029514755,0.16601585696115118
1.6128064032016007,-0.636439071790258
1.6138069034517257,-0.43852163583901993
1.6148074037018507,-0.3599113473804044
1.615807903951976,-0.42736566661914144
1.616808404202101,-1.2146108638314435
1.617808904452226,-0.8284220238926396
1.6188094047023511,0.1850115640209959
1.6198099049524761,-0.24031987563846974
1.6208104052026011,0.24801850961383654
1.6218109054527263,0.8879574134597534
1.6228114057028513,1.1685087200224504
1.6238119059529763,0.43228901968992056
1.6248124062031015,0.9785530621678481
1.6258129064532265,0.761445582865417
1.6268134067033515,1.7780793977834555
1.6278139069534767,1.0767343709203194
1.6288144072036017,0.4317035896971878
1.6298149074537267,-0.3119964332893901
1.630815407703852,0.7256312805372253
1.631815907953977,-0.6755457994846767
1.632816408204102,-0.7632543821519562
1.633816908454227,-1.1126052160692685
1.634817408704352,-0.7036056100843213
1.635817908954477,-1.1408224533001736
1.636818409204602,-0.6468696590222296
1.6378189094547273,-0.3531690096448049
1.6388194097048523,-0.8509990135334258
1.6398199099549773,0.8641590392312922
1.6408204102051025,0.7278458370298604
1.6418209104552275,-0.1649501402226875
1.6428214107053525,1.117337325179703
1.6438219109554777,1.4655062878475458
1.6448224112056027,0.9326028089348088
1.6458229114557277,1.4504128881501956
1.646823411705853,1.1720794116263484
1.6478239119559779,-0.11732965820826924
1.6488244122061029,0.979927840338005
1.649824912456228,1.3963767371033635
1.650825412706353,0.30567549884627443
1.651825912956478,-0.5064086092574313
1.6528264132066033,-0.7882654276899626
1.6538269134567283,-0.4901676796982066
1.6548274137068533,-1.094418457597909
1.6558279139569785,-1.6027809357762397
1.6568284142071035,-1.402880985387696
1.6578289144572285,-0.7792688861421243
1.6588294147073535,-0.41686799717062795
1.6598299149574787,-0.16657085555896495
1.6608304152076037,0.7124903895590708
1.6618309154577287,0.47681598737832476
1.6628314157078539,1.2948132756056157
1.6638319159579789,0.6769670865995095
1.6648324162081038,1.0380025293125679
1.665832916458229,0.19232046353158738
1.666833416708354,1.3913976707864966
1.667833916958479,0.6867642479939821
1.6688344172086043,-0.0801414511008735
1.6698349174587293,0.14837255760491153
1.6708354177088542,0.029482045466700302
1.6718359179589795,-0.4574365883549034
1.6728364182091044,-1.321202098891903
1.6738369184592294,-0.22047240222426423
1.6748374187093547,-1.2910282352197304
1.6758379189594796,-0.8178858052622728
1.6768384192096046,-1.3134077787498726
1.6778389194597298,-0.7640368757955458
1.6788394197098548,-0.5442981979409168
1.6798399199599798,-0.1362267669268366
1.6808404202101048,-0.36083577016425294
1.68184092046023,0.308219396024339
1.682841420710355,0.5652201514084918
1.68384192096048,0.4800686430754247
1.6848424212106052,1.0961328815854798
1.6858429214607302,1.1030124533924563
1.6868434217108552,0.9587578745200463
1.6878439219609804,0.28201726552618867
1.6888444222111054,1.074235956907804
1.6898449224612304,0.23635287331982188
1.6908454227113556,-0.14894517806998148
1.6918459229614806,-0.6496537275710086
1.6928464232116056,-0.0665921678379029
1.6938469234617308,-0.407240252952615
1.6948474237118558,-0.8962695717120164
1.6958479239619808,-1.2360003240720012
1.696848424212106,-0.6415910595844285
1.697848924462231,-1.0014906832553139
1.698849424712356,-1.1308134747731584
1.6998499249624812,0.4244729897353842
1.7008504252126062,0.3942877859529098
1.7018509254627312,0.9612741135048362
1.7028514257128564,0.40493853519654527
1.7038519259629814,1.0152429200342228
1.7048524262131064,1.020100898023867
1.7058529264632314,1.4446434507781678
1.7068534267133566,1.353559383200817
1.7078539269634816,1.358804599239992
1.7088544272136066,0.46218928853397034
1.7098549274637318,0.4224317502683403
1.7108554277138568,-0.1457238212072274
1.7118559279639818,0.22311262492359474
1.712856428214107,-0.32265545782484545
1.713856928464232,-0.9083368484235309
1.714857428714357,-1.3841361436673685
1.7158579289644822,-0.3674211687240627
1.7168584292146072,-1.7334980380240603
1.7178589294647322,-1.0592258946248587
1.7188594297148574,-0.31203474052804286
1.7198599299649824,0.1741324200868704
1.7208604302151074,-0.03905121009462276
1.7218609304652326,1.0591625241278866
1.7228614307153576,0.964364793847306
1.7238619309654826,0.27366515204253516
1.7248624312156078,0.9562823950296868
1.7258629314657328,1.4101985169685303
1.7268634317158578,0.7628691077104891
1.7278639319659828,1.7843739803462912
1.728864432216108,-0.021378163621267154
1.729864932466233,-0.6081999408983204
1.730865432716358,0.12961665502553404
1.7318659329664832,0.05511213773746304
1.7328664332166082,-0.8578673204377804
1.7338669334667332,-0.4132375992255294
1.7348674337168584,-1.7286937665036886
1.7358679339669834,-0.15835401224191814
1.7368684342171083,-0.9568501856582556
1.7378689344672336,-0.18378970267270583
1.7388694347173586,0.27594269006160327
1.7398699349674835,-0.16667096927250785
1.7408704352176088,-0.3346588410511463
1.7418709354677337,0.4497676951941742
1.7428714357178587,0.8526137118519779
1.743871935967984,0.3746066476845742
1.744872436218109,1.4716285995646166
1.745872936468234,1.0685516494450484
1.7468734367183592,0.6826088134242195
1.7478739369684841,0.1481685335322887
1.7488744372186091,-0.12985013824240504
1.7498749374687343,0.7851950613689622
1.7508754377188593,-0.26358954570482473
1.7518759379689843,0.19118912887874318
1.7528764382191093,-1.057478185851879
1.7538769384692345,-1.9068757498473201
1.7548774387193595,-0.7698323711997817
1.7558779389694845,-0.25757442550194265
1.7568784392196097,-0.7507514539200497
1.7578789394697347,-0.9887416579599588
1.7588794397198597,-0.9355346528736073
1.759879939969985,0.07147799367676227
1.76088044022011,1.0334923749353626
1.761880940470235,0.29733277549896675
1.7628814407203601,0.6877745378625585
1.7638819409704851,0.30531054811928127
1.76488244122061,0.2375986763863328
1.7658829414707353,1.5842432387935999
1.7668834417208603,0.40247662401200135
1.7678839419709853,0.10388068930521388
1.7688844422211105,0.5809310764570554
1.7698849424712355,0.028954394102004018
1.7708854427213605,-0.5062099254582386
1.7718859429714857,-0.9581115149731362
1.7728864432216107,-1.173198234830467
1.7738869434717357,-1.0001301406763548
1.774887443721861,-0.8078370206536793
1.775887943971986,-0.8145865500718811
1.776888444222111,-1.307127212352289
1.7778889444722359,-0.9236214065416027
1.778889444722361,0.011422456905496314
1.779889944972486,0.5943991141351038
1.780890445222611,-0.5453937138707654
1.7818909454727363,0.7214235881216239
1.7828914457228613,1.019432856960981
1.7838919459729863,0.6782119695607105
1.7848924462231115,0.2170977198126134
1.7858929464732365,0.9948860032676307
1.7868934467233615,0.7895691581828667
1.7878939469734867,0.30071015132117696
1.7888944472236117,-0.3511774502664803
1.7898949474737367,0.47698635817395074
1.7908954477238619,-0.4081388662423375
1.7918959479739869,0.127571764068803
1.7928964482241119,-0.13844689963563495
1.793896948474237,-1.1336488278410104
1.794897448724362,-1.7438128077702137
1.795897948974487,-1.2190750879274148
1.7968984492246123,-1.03687256060183
1.7978989494747373,-0.7211365588698233
1.7988994497248623,-0.34481717617700275
1.7998999499749873,-1.1275710079520092
1.8009004502251125,0.615493594059012
1.8019009504752375,1.040374717911656
1.8029014507253625,1.4320296461281574
1.8039019509754877,0.7609749324636308
1.8049024512256127,1.2070352089892264
1.8059029514757377,-0.08418819645240738
1.8069034517258629,0.5957330540814002
1.8079039519759879,-0.06543804925204022
1.8089044522261128,0.7686958732070444
1.809904952476238,-0.12298000800562266
1.810905452726363,-0.001370408458207406
1.811905952976488,-0.20949705889278847
1.8129064532266133,-0.6055191522298936
1.8139069534767382,-0.9039477162559729
1.8149074537268632,-0.7128142870332619
1.8159079539769885,-0.4308078184976759
1.8169084542271134,-1.2349323907582486
1.8179089544772384,0.5582079309685025
1.8189094547273637,-0.21096655435878953
1.8199099549774886,-0.480629969137479
1.8209104552276136,-0.08331178283950802
1.8219109554777388,0.7740271599657695
1.8229114557278638,0.8639058223591406
1.8239119559779888,0.8575050178462963
1.8249124562281138,1.2090856227680435
1.825912956478239,0.27804484080278735
1.826913456728364,-0.0603008252281535
1.827913956978489,1.2353025431727906
1.8289144572286142,-0.5132656324961782
1.8299149574787392,0.5882881739850573
1.8309154577288642,-0.31012189836361465
1.8319159579789894,-0.6442811049734961
1.8329164582291144,-1.5250962147854805
1.8339169584792394,-0.25017660480926507
1.8349174587293646,-1.397073461337571
1.8359179589794896,-1.0563787508923554
1.8369184592296146,-0.9754279624362437
1.8379189594797398,-0.4338373764398722
1.8389194597298648,-0.4329615116773333
1.8399199599799898,0.39529475646516943
1.840920460230115,0.4171985652566278
1.84192096048024,1.190999895852399
1.842921460730365,1.111969619681923
1.8439219609804902,1.1565027359050384
1.8449224612306152,1.298366520445731
1.8459229614807402,0.7170439652171308
1.8469234617308652,0.5116296504157716
1.8479239619809904,0.388627715543177
1.8489244622311154,-0.1754084744731183
1.8499249624812404,0.33904846045538467
1.8509254627313656,-0.02558564054932566
1.8519259629814906,-0.20466312359054484
1.8529264632316156,0.02026659905159267
1.8539269634817408,-1.3074398550392659
1.8549274637318658,-0.4705138527742686
1.8559279639819908,-1.3792162033362572
1.856928464232116,-0.7033069314178512
1.857928964482241,-0.7221268823025945
1.858929464732366,-0.7306394275972004
1.8599299649824912,-0.5013667770915401
1.8609304652326162,0.6218620878392265
1.8619309654827412,0.45717658814290535
1.8629314657328664,0.604815031718957
1.8639319659829914,1.3746618275466995
1.8649324662331164,0.7748818949205116
1.8659329664832416,0.9148335274902133
1.8669334667333666,0.7172516885248589
1.8679339669834916,1.5647392319884517
1.8689344672336168,0.9154555574410893
1.8699349674837418,-0.7155941268285126
1.8709354677338668,0.12875797099117636
1.8719359679839918,-0.6060932819670687
1.872936468234117,-1.1383324820900906
1.873936968484242,-0.4171266507722089
1.874937468734367,-0.7892583345779625
1.8759379689844922,-1.1440751336203523
1.8769384692346172,-1.239221226726857
1.8779389694847421,0.2566970775271027
1.8789394697348674,0.1742066994825085
1.8799399699849924,-0.11736865115643871
1.8809404702351173,0.3900469889549804
1.8819409704852426,-0.08893669310290642
1.8829414707353676,0.48770944857724513
1.8839419709854925,1.4282601003943909
1.8849424712356178,0.8913100112253015
1.8859429714857427,0.37605809964888437
1.8869434717358677,1.3335983274393222
1.887943971985993,0.5028035980954355
1.888944472236118,0.28890902649232797
1.889944972486243,-0.20616614297700234
1.8909454727363681,-0.8283968395403556
1.8919459729864931,-0.8109810177189613
1.8929464732366181,-1.1715863819974106
1.8939469734867433,-0.7206148918173094
1.8949474737368683,-1.9072078717693433
1.8959479739869933,-0.3933978529499469
1.8969484742371183,-1.013991310848934
1.8979489744872435,-0.3738621512911039
1.8989494747373685,-0.2074357482069834
1.8999499749874935,-0.1719641490310277
1.9009504752376187,-0.05904965738515078
1.9019509754877437,0.6291251215743947
1.9029514757378687,0.929831468241465
1.903951975987994,0.8464582531779828
1.904952476238119,0.5896521968336164
1.905952976488244,1.2362971345558194
1.9069534767383691,1.3115986410285125
1.9079539769884941,0.700638268666124
1.908954477238619,-0.9015198874121753
1.9099549774887443,-0.10945238566848672
1.9109554777388693,-1.2340539836725073
1.9119559779889943,-0.2869815121510378
1.9129564782391195,-0.3693365453854047
1.9139569784892445,-0.9125644885234004
1.9149574787393695,-0.884963267437721
1.9159579789894947,-0.9643024684906306
1.9169584792396197,-1.116865546741604
1.9179589794897447,-0.7480599994095614
1.9189594797398697,-0.6073283962471434
1.919959979989995,0.4917181024028766
1.92096048024012,0.6537757241592042
1.9219609804902449,0.9530734352174941
1.92296148074037,1.319972214710678
1.923961980990495,0.639985597351528
1.92496248124062,0.5793949362954873
1.9259629814907453,0.853497305210684
1.9269634817408703,0.8872058879546526
1.9279639819909953,0.39826218394102936
1.9289644822411205,0.5927096054590362
1.9299649824912455,-0.5421486682890301
1.9309654827413705,0.43925311133566247
1.9319659829914957,-0.1565794482477031
1.9329664832416207,-0.4868952577863117
1.9339669834917457,-1.064398978271064
1.9349674837418709,-0.9272762987569182
1.9359679839919959,-1.390255135621698
1.9369684842421209,-0.7439845973897306
1.937968984492246,-0.3005487601873358
1.938969484742371,-0.45132727893043645
1.939969984992496,-0.1696013660435711
1.9409704852426213,0.9576606538033594
1.9419709854927463,1.3638704580134982
1.9429714857428713,0.9079864091078723
1.9439719859929963,1.150782378157437
1.9449724862431215,1.209297061268886
1.9459729864932465,0.3375887282940089
1.9469734867433715,0.4918237373616035
1.9479739869934967,0.06850514492626869
1.9489744872436217,0.0713831905313918
1.9499749874937466,0.2883276378672461
1.9509754877438719,-0.4585856154651214
1.9519759879939969,-0.1472802784138435
1.9529764882441218,-0.3677830811596881
1.953976988494247,-2.036082651728143
1.954977488744372,0.1133572653524677
1.955977988994497,-0.24476800368980622
1.9569784892446223,-0.5487077577587159
1.9579789894947472,0.2580006537104914
1.9589794897448722,-0.28389194787074196
1.9599799899949975,0.24527830131197814
1.9609804902451224,0.6737775255820565
1.9619809904952474,0.190491329650893
1.9629814907453726,0.579003665633625
1.9639819909954976,0.9100502531193378
1.9649824912456226,0.22485349374441133
1.9659829914957476,0.2662341712693629
1.9669834917458728,0.15919701589819246
1.9679839919959978,0.040762245374225015
1.9689844922461228,0.13161784173345706
1.969984992496248,-0.24769091124623405
1.970985492746373,0.09390464863508946
1.971985992996498,0.0568146371788788
1.9729864932466232,-0.853582312925302
1.9739869934967482,-1.5934373143138783
1.9749874937468732,0.9543976459647697
1.9759879939969984,-1.274357285326856
1.9769884942471234,-0.7033582842732873
1.9779889944972484,-0.25571862822935026
1.9789894947473736,-0.2997393608570074
1.9799899949974986,0.19673550374063695
1.9809904952476236,0.2980636252505239
1.9819909954977488,0.7228174568177195
1.9829914957478738,0.8128246844722385
1.9839919959979988,0.8159676294102153
1.984992496248124,1.1086837518697605
1.985992996498249,0.8119934746367161
1.986993496748374,1.2291499960961154
1.9879939969984992,0.8370350566953437
1.9889944972486242,0.2950594198273975
1.9899949974987492,-0.38043359113358544
1.9909954977488742,0.4452010514207354
1.9919959979989994,-0.984234891020159
1.9929964982491244,-1.8489507626203536
1.9939969984992494,-0.9612102593867221
1.9949974987493746,-0.5859900606402526
1.9959979989994996,-1.2536361009216352
1.9969984992496246,-1.2854018113012176
1.9979989994997498,-0.9858784229790294
1.9989994997498748,-0.4538337249064889
2.0,0.3639056438509714
